createdAt,name,objectId,updatedAt
2013-03-27T21:55:26.506Z,Mystery,1hOtcP01EG,2013-03-27T21:55:26.506Z
2016-02-21T22:15:06.666Z,Fiction,3xvrkt2cjJ,2016-02-21T22:15:06.666Z
2013-01-29T12:04:40.540Z,Content Strategy,50EbVkFq9v,2013-01-29T12:04:40.540Z
2013-01-29T12:04:23.779Z,Sci-Fi,5tKDTckcop,2013-01-29T12:04:23.779Z
2016-09-17T16:36:45.554Z,Spirituality ,7FzMtZNsgn,2016-09-17T16:36:45.554Z
2013-02-20T20:17:02.292Z,Philosophy,8Ln61B0AOu,2013-02-20T20:17:02.292Z
2013-02-20T20:15:41.659Z,Business,Aqp537bVhm,2013-03-10T23:36:10.394Z
2015-04-25T10:54:38.177Z,Science and society,BhADjL2Gqq,2015-04-25T10:54:38.177Z
2013-09-27T19:33:45.339Z,Horror,QdRcv1Hwma,2013-09-27T19:33:45.339Z
2013-01-29T12:04:00.413Z,Web Development,ekuIrjLtml,2013-03-08T20:56:58.854Z
2013-01-29T12:04:12.120Z,Programming,fmkA1buRv6,2013-01-29T12:04:12.120Z
2013-02-20T20:12:42.255Z,Parenting,hbW63oSDhk,2013-02-20T20:12:42.255Z
2013-02-20T20:14:45.629Z,Self Help,mrKjTzyPkO,2013-02-20T20:14:45.629Z
2016-06-06T19:02:19.263Z,Education,pUuEaWorRX,2016-06-06T19:02:19.263Z
2013-05-09T23:09:22.443Z,UX,pW8mVPaOh2,2013-05-09T23:09:22.443Z
2013-02-27T19:52:46.936Z,New,rYil8zE56S,2013-05-25T21:41:22.775Z
2016-03-17T14:09:03.883Z,Fantasy,rqn3GUwWBB,2016-03-17T14:09:03.883Z
2013-03-03T22:03:23.249Z,Design,ud6AnbVzr4,2013-03-03T22:03:23.249Z
2015-03-11T23:37:00.276Z,Autobiography ,vBQzlfVSPq,2015-03-11T23:37:00.276Z
2015-04-25T12:34:15.449Z,Music,xw3HklWTyD,2015-04-25T12:34:15.449Z
